Event ID,Collaborator Name,Collaborator Phone,Collaborator Cohort,Media File (File Name),Question from suggestion,Date,Time,Download Link
3,Mark Lopez,8463733153,CO12,M1.mov,Q1,2020-10-20,5:42,https://placehold.it/22
1,Wendy Allen,6985276747,CO11,M2.mov,Q5,2020-10-25,23:14,https://placehold.it/167
2,William Gibson,4088579322,CO11,M3.mov,Q3,2020-10-23,10:45,https://placehold.it/37
1,Sharon Daniel,8976852530,CO14,M4.mov,Q2,2020-10-21,5:57,https://placehold.it/153
1,Shawn Payne,7169957480,CO17,M5.mov,Q3,2020-10-22,10:39,https://placehold.it/138
3,Brenda Ray,7707850004,CO19,M6.mov,Q2,2020-10-21,21:32,https://placehold.it/132
1,Joel Figueroa,1170211631,CO19,M7.mov,Q5,2020-10-20,4:37,https://placehold.it/149
1,John Jones,3482905742,CO18,M8.mov,Q2,2020-10-22,23:59,https://placehold.it/192
1,Charles Burns,2885873165,CO13,M9.mov,Q1,2020-10-25,18:51,https://placehold.it/118
3,Thomas Wolf,4423394265,CO19,M10.mov,Q5,2020-10-25,7:49,https://placehold.it/197
2,Jeffery Miller,5083012786,CO14,M11.mov,Q5,2020-10-23,23:19,https://placehold.it/33
3,Chad Green,9921365782,CO11,M12.mov,Q5,2020-10-20,6:25,https://placehold.it/86
1,Jordan Flynn,2646128862,CO13,M13.mov,Q3,2020-10-20,23:7,https://placehold.it/164
2,Laura Thomas,2586258268,CO20,M14.mov,Q1,2020-10-20,16:25,https://placehold.it/141
3,John Ortega,9194431063,CO18,M15.mov,Q2,2020-10-20,19:54,https://placehold.it/164
2,Scott Murphy,6040565200,CO15,M16.mov,Q3,2020-10-21,5:8,https://placehold.it/106
2,Kevin Nguyen,1405944533,CO19,M17.mov,Q4,2020-10-23,8:35,https://placehold.it/55
2,Aaron Marshall,4636530366,CO16,M18.mov,Q2,2020-10-23,16:38,https://placehold.it/136
2,Chloe King,1775236614,CO18,M19.mov,Q3,2020-10-22,23:24,https://placehold.it/180
1,Caitlin Smith,5156357873,CO21,M20.mov,Q4,2020-10-23,2:24,https://placehold.it/10
3,Ricardo Armstrong,6719627843,CO19,M21.mov,Q2,2020-10-20,10:37,https://placehold.it/79
1,Rachel Zuniga,7514712244,CO21,M22.mov,Q5,2020-10-24,19:29,https://placehold.it/70
1,Stephen Best,6737859121,CO19,M23.mov,Q3,2020-10-25,11:1,https://placehold.it/12
1,Krystal Thomas,3926829109,CO17,M24.mov,Q4,2020-10-25,11:17,https://placehold.it/8
2,Ronald Hill,9157511735,CO20,M25.mov,Q4,2020-10-24,10:14,https://placehold.it/135
1,Courtney Garcia,9159190905,CO18,M26.mov,Q5,2020-10-23,12:13,https://placehold.it/173
3,Russell Cunningham,1898465196,CO17,M27.mov,Q2,2020-10-21,6:37,https://placehold.it/133
1,Jonathan Butler,2523399179,CO18,M28.mov,Q5,2020-10-22,23:1,https://placehold.it/176
2,Sean Travis,8584555440,CO11,M29.mov,Q3,2020-10-20,16:58,https://placehold.it/24
2,Barry Adams,1134053415,CO15,M30.mov,Q5,2020-10-22,20:33,https://placehold.it/112
3,Ashley Barber,7676475148,CO18,M31.mov,Q1,2020-10-25,0:36,https://placehold.it/147
1,Anna Boone,9285970323,CO13,M32.mov,Q2,2020-10-25,17:46,https://placehold.it/104
2,Diana Turner,1838483976,CO18,M33.mov,Q2,2020-10-25,8:49,https://placehold.it/44
3,Kevin Duran,7192712857,CO13,M34.mov,Q5,2020-10-22,18:43,https://placehold.it/52
1,Robin Fox,5086429229,CO15,M35.mov,Q5,2020-10-21,21:27,https://placehold.it/1
3,Robert Daniels,7924778630,CO19,M36.mov,Q1,2020-10-25,10:27,https://placehold.it/85
1,Jeffrey Pugh,6420367469,CO16,M37.mov,Q2,2020-10-25,7:25,https://placehold.it/59
3,Charles Anderson,2774246607,CO17,M38.mov,Q4,2020-10-22,7:11,https://placehold.it/197
3,Natalie Fuentes,3526507190,CO16,M39.mov,Q3,2020-10-23,22:10,https://placehold.it/133
1,Kyle Dorsey,9240253946,CO19,M40.mov,Q3,2020-10-23,17:18,https://placehold.it/162
3,Heather Blankenship,3568699197,CO15,M41.mov,Q4,2020-10-23,17:2,https://placehold.it/69
2,Catherine Collins,2017686069,CO17,M42.mov,Q5,2020-10-21,15:34,https://placehold.it/28
1,Deborah Henderson,2135170539,CO18,M43.mov,Q2,2020-10-23,3:10,https://placehold.it/108
3,Matthew Johnson,9631118317,CO18,M44.mov,Q1,2020-10-22,16:55,https://placehold.it/182
2,Victoria Spence,3480777766,CO12,M45.mov,Q5,2020-10-20,15:28,https://placehold.it/8
1,Robert Pena,6892863909,CO19,M46.mov,Q4,2020-10-20,4:10,https://placehold.it/113
3,Timothy Goodman,5877642311,CO21,M47.mov,Q4,2020-10-25,16:20,https://placehold.it/134
1,Christopher Rowland,6019355158,CO12,M48.mov,Q5,2020-10-24,13:58,https://placehold.it/149
3,Jesse Thompson,7139247186,CO17,M49.mov,Q4,2020-10-20,12:16,https://placehold.it/118
